ID,sex,age,chol,BMI,TG,APOE,rs174548,rs4775401,HTN,chd
1,1.0,74.0,215.0,26.2,367,4,1,2,1,1
2,1.0,51.0,204.0,24.7,150,4,2,1,1,1
3,0.0,64.0,205.0,24.2,213,4,0,1,1,0
4,0.0,34.0,182.0,23.8,111,2,1,1,1,0
5,1.0,52.0,175.0,34.1,328,2,0,0,1,0
6,1.0,39.0,176.0,22.7,53,4,0,2,0,0
7,0.0,79.0,159.0,22.9,274,2,2,1,1,0
8,0.0,38.0,169.0,24.9,137,2,1,1,0,0
9,0.0,52.0,175.0,20.4,125,4,0,1,0,0
10,,58.0,189.0,22.0,209,5,0,1,1,0
11,0.0,43.0,207.0,21.0,122,5,1,0,1,0
12,1.0,64.0,166.0,26.1,163,4,0,0,1,0
13,1.0,38.0,193.0,23.0,88,4,1,0,1,0
14,0.0,63.0,167.0,23.7,209,4,0,0,1,0
15,1.0,33.0,171.0,26.9,104,5,0,0,0,0
16,0.0,71.0,179.0,26.6,391,3,0,1,1,0
17,0.0,71.0,199.0,27.2,193,4,0,1,1,1
18,0.0,66.0,152.0,23.0,233,4,0,0,1,0
19,0.0,76.0,195.0,22.4,166,4,0,1,1,1
20,0.0,,170.0,25.5,345,4,1,1,1,0
21,0.0,49.0,,21.6,133,4,0,0,0,0
22,0.0,55.0,165.0,23.4,239,5,2,1,1,0
23,0.0,64.0,166.0,23.9,142,4,1,0,1,1
24,,47.0,160.0,23.7,148,5,0,0,1,0
25,0.0,46.0,177.0,21.7,190,4,0,1,1,0
26,0.0,69.0,203.0,26.0,281,4,0,0,1,0
27,1.0,53.0,198.0,22.4,105,4,1,1,1,1
28,1.0,35.0,188.0,25.1,95,4,1,0,1,0
29,1.0,30.0,165.0,22.6,95,4,1,1,1,1
30,1.0,67.0,179.0,24.5,242,4,0,1,1,1
31,0.0,32.0,171.0,21.9,77,4,0,1,1,0
32,1.0,64.0,169.0,28.0,178,4,0,2,1,1
33,0.0,72.0,148.0,22.4,171,4,1,0,0,1
34,1.0,78.0,179.0,29.6,241,5,0,1,1,1
35,,64.0,200.0,24.7,182,4,0,1,1,1
36,0.0,65.0,200.0,27.1,266,4,0,1,0,0
37,0.0,71.0,180.0,24.6,284,5,0,0,1,0
38,0.0,59.0,180.0,22.4,125,5,1,1,1,0
39,1.0,53.0,182.0,27.4,166,5,0,0,1,1
40,0.0,48.0,162.0,22.7,144,4,1,0,1,0
41,0.0,47.0,135.0,32.0,198,4,0,1,1,0
42,0.0,44.0,213.0,31.4,137,5,0,0,1,1
43,0.0,75.0,212.0,25.0,234,5,1,0,1,0
44,0.0,31.0,160.0,23.6,139,2,1,0,1,1
45,0.0,50.0,203.0,23.3,118,5,1,2,1,1
46,1.0,49.0,168.0,26.4,100,4,0,0,0,1
47,1.0,76.0,217.0,27.6,283,4,0,0,1,0
48,0.0,48.0,167.0,24.3,126,2,0,0,1,1
49,0.0,45.0,179.0,,165,4,0,1,0,0
50,0.0,68.0,175.0,27.6,303,4,2,1,1,0
51,0.0,69.0,153.0,29.0,228,4,1,0,1,0
52,1.0,55.0,176.0,24.4,152,4,1,0,1,0
53,1.0,47.0,184.0,21.9,126,2,0,1,0,1
54,1.0,67.0,187.0,25.5,140,4,0,1,1,0
55,0.0,68.0,194.0,23.3,256,4,0,0,1,1
56,1.0,33.0,190.0,22.5,69,5,0,0,0,0
57,0.0,,171.0,23.1,146,4,0,0,1,0
58,0.0,40.0,183.0,23.3,89,4,0,1,0,0
59,0.0,64.0,188.0,26.4,187,4,0,1,1,0
60,0.0,54.0,133.0,23.1,183,4,1,2,0,0
61,1.0,44.0,225.0,33.4,356,5,0,0,0,0
62,1.0,63.0,206.0,28.0,286,4,2,1,1,1
63,0.0,70.0,159.0,21.2,168,2,0,0,0,0
64,1.0,69.0,189.0,25.6,262,4,2,2,1,1
65,0.0,59.0,171.0,27.0,238,5,0,1,1,0
66,1.0,69.0,178.0,23.4,174,4,0,0,1,0
67,0.0,44.0,137.0,21.7,115,4,0,0,1,0
68,0.0,68.0,181.0,25.4,221,4,0,1,1,1
69,0.0,62.0,161.0,23.7,120,4,0,0,1,0
70,1.0,61.0,215.0,28.9,170,4,0,2,1,1
71,0.0,49.0,154.0,26.7,176,4,1,1,1,0
72,1.0,62.0,187.0,22.6,157,4,0,0,0,0
73,0.0,32.0,186.0,20.2,99,5,0,0,1,0
74,1.0,41.0,189.0,24.2,156,4,0,0,1,0
75,1.0,52.0,214.0,24.8,117,5,0,1,1,1
76,1.0,60.0,156.0,22.9,88,4,0,2,1,0
77,1.0,61.0,226.0,31.0,319,4,1,1,1,1
78,0.0,76.0,180.0,25.1,340,4,0,0,1,0
79,1.0,61.0,,24.2,152,5,0,1,1,0
80,0.0,57.0,196.0,25.6,252,4,0,1,1,0
81,1.0,62.0,,26.0,311,4,0,1,0,0
82,1.0,,184.0,21.8,89,4,2,1,1,0
83,0.0,50.0,168.0,24.2,115,4,0,1,1,0
84,1.0,46.0,176.0,25.7,105,2,1,0,1,0
85,0.0,70.0,187.0,27.8,386,2,1,1,1,0
86,0.0,48.0,191.0,21.4,102,5,1,0,1,1
87,1.0,40.0,187.0,25.1,140,5,0,0,1,1
88,1.0,58.0,209.0,24.7,99,4,0,0,1,1
89,1.0,80.0,172.0,28.4,338,6,0,1,1,0
90,0.0,66.0,193.0,23.6,178,4,1,0,1,0
91,0.0,61.0,173.0,26.1,161,4,0,1,1,1
92,1.0,72.0,185.0,27.4,155,4,0,0,1,1
93,1.0,51.0,195.0,,151,4,1,0,1,0
94,0.0,56.0,227.0,28.8,368,4,0,1,1,1
95,1.0,58.0,163.0,23.7,107,4,0,1,0,0
96,0.0,60.0,156.0,21.8,179,2,0,0,1,0
97,1.0,,188.0,26.1,165,4,0,0,1,0
98,1.0,72.0,222.0,25.3,161,4,1,2,1,1
99,1.0,60.0,,25.6,145,5,0,2,1,0
100,0.0,53.0,192.0,27.3,146,4,1,0,1,0
101,1.0,55.0,208.0,24.5,132,6,0,0,1,1
102,1.0,54.0,187.0,31.1,198,4,2,0,1,0
103,1.0,31.0,163.0,27.8,116,6,0,0,0,0
104,1.0,31.0,196.0,20.5,79,4,1,1,1,0
105,0.0,69.0,209.0,28.4,461,4,0,0,1,0
106,0.0,43.0,233.0,20.4,132,4,0,0,1,1
107,1.0,46.0,203.0,24.6,90,5,0,1,1,1
108,1.0,46.0,193.0,22.5,119,4,1,0,1,1
109,1.0,54.0,191.0,26.1,94,4,0,0,1,1
110,0.0,77.0,208.0,29.5,346,4,0,1,1,1
111,0.0,,177.0,21.2,71,4,1,0,0,0
112,0.0,52.0,153.0,27.2,139,2,0,1,1,0
113,0.0,76.0,144.0,23.3,253,2,0,2,1,0
114,0.0,34.0,117.0,22.4,88,4,0,0,0,0
115,0.0,44.0,186.0,21.0,103,6,1,1,1,0
116,0.0,45.0,186.0,22.5,180,5,1,0,1,0
117,0.0,44.0,168.0,21.5,184,5,1,1,0,0
118,1.0,66.0,189.0,25.0,177,1,0,0,1,1
119,1.0,64.0,208.0,36.8,335,4,0,0,0,0
120,1.0,34.0,214.0,27.3,91,4,1,0,1,0
121,1.0,36.0,170.0,25.4,114,2,1,1,1,0
122,0.0,77.0,217.0,26.7,279,4,1,0,0,1
123,0.0,35.0,151.0,,102,2,0,0,1,0
124,0.0,62.0,212.0,26.6,261,4,1,1,1,1
125,0.0,55.0,152.0,23.4,236,4,1,0,1,0
126,1.0,49.0,209.0,25.9,159,6,0,0,1,0
127,1.0,68.0,210.0,29.9,233,4,1,1,1,1
128,0.0,73.0,172.0,21.5,199,4,1,1,1,0
129,1.0,79.0,197.0,29.9,263,4,2,1,1,1
130,0.0,64.0,162.0,25.3,234,2,0,1,0,0
131,0.0,44.0,209.0,21.2,83,5,0,1,1,1
132,0.0,33.0,167.0,20.8,60,4,0,0,0,0
133,0.0,31.0,169.0,19.4,88,4,1,1,1,0
134,1.0,53.0,162.0,28.7,199,4,0,0,1,0
135,0.0,52.0,173.0,23.4,124,4,1,0,1,0
136,0.0,31.0,180.0,23.6,113,4,1,0,0,0
137,0.0,36.0,157.0,23.4,147,2,1,1,1,0
138,1.0,77.0,181.0,25.5,212,4,0,0,1,0
139,0.0,47.0,161.0,23.2,108,4,0,0,0,0
140,1.0,30.0,201.0,26.1,98,4,2,0,1,0
141,0.0,40.0,158.0,28.4,140,3,1,0,0,0
142,1.0,59.0,202.0,26.2,145,5,1,0,0,0
143,0.0,59.0,187.0,26.4,330,4,1,0,1,1
144,1.0,37.0,,22.8,89,3,1,0,1,1
145,1.0,47.0,210.0,24.2,121,5,1,1,1,1
146,0.0,31.0,170.0,20.5,69,4,1,0,0,0
147,0.0,63.0,176.0,24.1,345,4,1,1,1,1
148,0.0,45.0,205.0,21.4,145,3,0,0,0,0
149,1.0,63.0,185.0,25.1,137,4,0,1,1,0
150,0.0,74.0,191.0,25.1,308,5,0,1,0,0
151,1.0,70.0,229.0,26.9,257,5,0,1,1,1
152,1.0,60.0,196.0,38.8,250,4,1,2,0,0
153,0.0,68.0,193.0,22.0,178,4,0,2,1,1
154,1.0,31.0,198.0,21.0,98,5,0,0,1,0
155,1.0,50.0,166.0,30.0,185,2,0,0,1,1
156,0.0,42.0,188.0,26.2,120,4,1,0,1,0
157,0.0,39.0,184.0,21.2,124,4,2,0,0,0
158,1.0,74.0,201.0,28.9,171,4,1,0,1,0
159,1.0,62.0,190.0,29.4,199,4,1,0,1,0
160,1.0,76.0,181.0,24.1,347,4,0,0,1,1
161,1.0,61.0,181.0,24.2,125,4,0,2,0,0
162,0.0,62.0,207.0,25.5,154,5,0,0,1,1
163,0.0,61.0,188.0,24.5,191,4,2,2,1,0
164,0.0,72.0,150.0,25.9,198,4,0,1,1,0
165,1.0,45.0,194.0,22.4,112,5,1,0,1,0
166,1.0,78.0,244.0,27.8,207,4,1,1,1,1
167,1.0,51.0,156.0,,121,2,1,1,1,0
168,0.0,55.0,174.0,22.1,157,4,2,0,1,0
169,1.0,70.0,166.0,26.4,188,2,0,1,1,0
170,1.0,34.0,,22.0,53,5,0,0,1,0
171,0.0,52.0,174.0,21.3,147,4,0,2,1,0
172,1.0,61.0,203.0,24.9,185,4,2,0,1,0
173,1.0,79.0,189.0,26.2,275,4,0,0,0,1
174,,37.0,203.0,25.8,66,4,1,1,1,0
175,1.0,43.0,180.0,21.1,94,4,0,1,1,1
176,1.0,40.0,212.0,27.8,103,5,0,1,1,1
177,1.0,31.0,171.0,21.1,80,5,1,1,1,0
178,0.0,39.0,167.0,21.1,136,5,1,0,1,0
179,1.0,65.0,164.0,22.6,183,4,0,0,1,0
180,,30.0,154.0,23.3,65,4,1,1,1,0
181,1.0,48.0,199.0,27.2,106,4,0,2,1,0
182,0.0,58.0,195.0,32.9,388,4,0,1,1,0
183,0.0,38.0,179.0,20.0,90,4,0,1,0,0
184,1.0,54.0,220.0,26.8,154,4,1,0,1,0
185,1.0,48.0,178.0,28.9,214,2,0,1,0,0
186,1.0,33.0,127.0,23.6,90,4,1,1,1,0
187,0.0,72.0,196.0,24.3,313,4,1,1,1,0
188,0.0,68.0,177.0,27.4,241,4,1,1,1,1
189,1.0,53.0,200.0,28.0,182,4,1,0,1,0
190,1.0,43.0,173.0,24.4,143,5,0,0,0,0
191,1.0,72.0,178.0,24.8,191,4,0,0,1,0
192,1.0,71.0,186.0,25.6,296,4,2,0,1,0
193,1.0,58.0,185.0,23.2,136,4,1,0,1,0
194,0.0,56.0,188.0,23.6,164,5,0,1,0,0
195,1.0,57.0,177.0,23.1,118,2,0,1,1,0
196,0.0,41.0,179.0,22.1,101,2,1,0,1,0
197,0.0,34.0,136.0,19.9,70,2,0,1,1,0
198,0.0,50.0,189.0,24.5,166,4,0,1,0,1
199,0.0,57.0,184.0,22.6,146,4,0,0,1,0
200,1.0,68.0,199.0,24.2,181,5,1,0,1,0
201,0.0,74.0,168.0,27.1,255,3,1,0,1,0
202,0.0,32.0,182.0,26.3,165,4,1,1,1,0
203,1.0,72.0,213.0,24.2,221,5,0,0,1,1
204,1.0,70.0,218.0,25.3,252,4,2,1,1,1
205,0.0,44.0,162.0,21.1,115,2,0,0,1,0
206,1.0,40.0,180.0,25.2,114,5,0,0,1,1
207,0.0,74.0,202.0,24.2,362,4,1,1,1,0
208,1.0,58.0,240.0,24.7,145,4,1,1,1,1
209,1.0,72.0,206.0,25.8,259,4,1,0,1,1
210,1.0,54.0,165.0,27.0,109,4,0,0,1,0
211,1.0,44.0,208.0,24.7,103,5,1,1,0,1
212,1.0,64.0,188.0,23.2,243,4,0,0,1,0
213,1.0,76.0,172.0,27.0,239,4,0,0,1,1
214,0.0,64.0,202.0,21.5,194,4,1,1,1,1
215,1.0,44.0,174.0,28.1,104,4,0,0,1,1
216,0.0,58.0,147.0,27.7,213,4,0,1,1,0
217,0.0,79.0,163.0,25.0,297,4,1,0,1,0
218,1.0,65.0,212.0,26.4,279,5,0,1,1,1
219,1.0,31.0,162.0,24.0,75,2,0,1,1,0
220,1.0,70.0,191.0,31.0,262,2,0,0,1,0
221,0.0,43.0,191.0,22.3,108,4,0,2,1,1
222,0.0,74.0,168.0,24.4,276,4,0,1,1,0
223,0.0,57.0,170.0,24.3,191,4,0,1,0,0
224,,37.0,161.0,21.2,112,4,2,1,1,0
225,1.0,49.0,189.0,22.5,94,4,2,0,1,0
226,1.0,47.0,184.0,23.1,116,4,1,0,1,0
227,0.0,69.0,180.0,24.0,145,5,0,0,1,0
228,1.0,65.0,182.0,29.2,303,4,1,2,1,0
229,1.0,64.0,204.0,25.1,159,4,0,0,1,0
230,0.0,65.0,196.0,23.5,197,4,0,0,0,0
231,0.0,34.0,139.0,23.7,126,4,0,0,0,0
232,0.0,71.0,,30.7,355,4,0,0,1,0
233,0.0,41.0,196.0,22.2,121,4,1,0,1,0
234,1.0,53.0,215.0,23.3,110,4,0,0,0,0
235,0.0,73.0,157.0,26.2,318,2,1,0,1,0
236,0.0,66.0,185.0,,179,4,0,1,1,0
237,0.0,71.0,198.0,22.8,348,4,2,1,1,1
238,1.0,38.0,220.0,20.8,85,5,1,0,1,1
239,1.0,46.0,188.0,21.5,98,4,0,0,0,0
240,1.0,36.0,154.0,25.8,47,4,0,1,1,0
241,0.0,50.0,158.0,22.8,219,4,0,0,1,0
242,1.0,57.0,176.0,23.9,183,4,0,1,1,1
243,1.0,46.0,165.0,24.5,125,4,1,0,1,0
244,1.0,38.0,169.0,22.0,86,2,1,1,1,1
245,1.0,71.0,216.0,26.2,268,4,0,1,1,1
246,0.0,44.0,209.0,28.1,250,6,1,0,1,0
247,1.0,45.0,209.0,23.6,106,4,2,0,1,1
248,0.0,35.0,183.0,24.5,145,4,1,1,1,0
249,0.0,54.0,182.0,22.5,174,5,0,1,1,1
250,1.0,70.0,200.0,28.7,157,4,0,1,0,1
251,1.0,75.0,170.0,27.4,252,4,1,0,1,0
252,1.0,31.0,144.0,22.1,68,2,0,0,1,0
253,1.0,39.0,154.0,,116,6,0,0,1,0
254,0.0,37.0,179.0,19.7,81,4,2,1,1,0
255,1.0,75.0,247.0,25.6,142,5,1,0,1,1
256,0.0,,183.0,24.1,144,4,0,0,1,0
257,0.0,37.0,127.0,22.7,88,4,0,1,0,0
258,1.0,39.0,202.0,25.9,85,4,1,1,1,1
259,0.0,48.0,173.0,26.1,114,4,0,1,1,0
260,0.0,33.0,189.0,21.5,86,2,0,0,1,0
261,1.0,68.0,181.0,24.0,152,4,0,0,1,0
262,1.0,78.0,209.0,27.4,209,4,1,0,1,1
263,1.0,73.0,216.0,27.5,240,6,1,1,1,1
264,1.0,75.0,191.0,26.2,270,4,2,0,1,1
265,0.0,80.0,190.0,23.8,256,2,0,0,1,0
266,0.0,73.0,222.0,38.6,586,4,1,0,1,0
267,1.0,39.0,202.0,22.4,156,5,0,1,0,1
268,1.0,80.0,166.0,24.5,272,4,1,1,1,1
269,1.0,32.0,189.0,29.0,69,4,0,1,1,0
270,0.0,72.0,224.0,25.3,196,5,0,0,1,0
271,0.0,64.0,158.0,27.5,179,4,0,1,1,0
272,1.0,34.0,189.0,27.8,104,2,1,0,1,0
273,1.0,37.0,163.0,24.7,110,4,0,0,0,0
274,1.0,62.0,177.0,27.2,232,4,0,0,1,1
275,0.0,68.0,186.0,22.6,157,4,0,1,0,0
276,0.0,33.0,176.0,28.8,134,4,1,1,1,0
277,1.0,37.0,209.0,22.2,96,4,0,0,1,1
278,1.0,46.0,221.0,30.8,172,4,1,1,1,1
279,1.0,41.0,175.0,24.6,108,4,1,1,1,1
280,1.0,35.0,170.0,25.8,68,4,0,0,1,0
281,1.0,73.0,184.0,28.9,220,2,0,1,1,0
282,1.0,57.0,182.0,25.2,134,4,0,1,1,1
283,1.0,53.0,194.0,26.3,153,4,1,1,1,1
284,1.0,71.0,211.0,28.9,266,5,1,1,1,1
285,0.0,73.0,164.0,23.2,190,4,1,1,1,0
286,0.0,51.0,192.0,23.3,127,4,1,2,0,1
287,0.0,78.0,169.0,26.7,358,4,1,0,1,1
288,1.0,48.0,185.0,25.2,94,4,1,0,1,1
289,1.0,39.0,168.0,26.1,88,4,0,0,0,0
290,0.0,35.0,133.0,24.2,120,4,0,1,1,0
291,0.0,42.0,211.0,22.9,119,5,1,2,1,1
292,1.0,69.0,179.0,23.0,122,4,1,0,1,0
293,1.0,61.0,215.0,24.8,143,4,1,0,1,0
294,1.0,31.0,155.0,21.4,75,4,0,1,1,0
295,1.0,66.0,196.0,26.0,154,4,1,0,1,0
296,1.0,33.0,139.0,25.8,110,4,0,1,1,0
297,1.0,67.0,224.0,28.6,240,5,1,1,1,1
298,0.0,49.0,168.0,23.9,112,4,1,0,1,0
299,0.0,48.0,191.0,20.8,191,5,0,1,1,0
300,0.0,51.0,164.0,23.6,157,4,0,0,0,0
301,0.0,33.0,180.0,23.4,85,5,1,1,1,0
302,0.0,33.0,163.0,20.2,91,4,0,1,1,0
303,1.0,58.0,223.0,28.9,176,4,1,1,1,1
304,1.0,77.0,191.0,33.1,323,2,0,0,1,0
305,0.0,71.0,191.0,22.9,271,2,0,1,1,0
306,0.0,67.0,207.0,29.9,345,4,1,0,1,1
307,1.0,52.0,207.0,26.0,144,4,0,1,0,0
308,0.0,39.0,197.0,25.8,145,4,0,1,1,0
309,1.0,74.0,161.0,28.1,336,4,0,1,1,0
310,0.0,80.0,205.0,28.2,343,4,0,1,0,1
311,0.0,35.0,152.0,21.9,90,4,0,0,1,0
312,1.0,77.0,158.0,25.0,303,4,0,1,1,0
313,1.0,53.0,191.0,22.4,95,4,0,0,1,1
314,1.0,57.0,213.0,26.9,240,4,0,1,0,1
315,1.0,56.0,186.0,25.1,118,2,0,0,0,0
316,1.0,78.0,163.0,33.7,360,2,0,1,1,0
317,1.0,,206.0,28.5,269,4,0,0,1,1
318,1.0,46.0,178.0,30.5,199,4,0,1,1,1
319,0.0,69.0,182.0,24.1,182,5,0,0,1,1
320,0.0,34.0,178.0,23.6,88,6,0,2,1,0
321,0.0,36.0,148.0,20.9,133,2,1,2,0,0
322,0.0,63.0,198.0,26.3,260,4,1,0,0,0
323,0.0,41.0,168.0,27.2,92,4,2,0,0,0
324,0.0,40.0,,26.6,155,4,0,0,0,1
325,0.0,37.0,126.0,23.0,128,2,0,1,1,0
326,1.0,43.0,188.0,25.5,124,4,0,0,0,0
327,1.0,65.0,176.0,24.7,149,4,0,0,0,0
328,0.0,36.0,175.0,26.8,120,4,1,1,1,0
329,0.0,40.0,158.0,22.0,117,4,0,0,1,0
330,1.0,54.0,161.0,24.4,121,2,0,0,1,0
331,0.0,57.0,210.0,28.3,267,4,2,1,1,0
332,0.0,67.0,176.0,22.9,163,4,0,0,1,0
333,1.0,74.0,178.0,24.7,245,4,0,1,0,0
334,0.0,42.0,157.0,20.5,88,4,1,0,0,0
335,1.0,62.0,177.0,23.1,168,2,0,1,1,1
336,0.0,45.0,211.0,24.9,117,4,0,1,0,1
337,1.0,54.0,219.0,22.6,112,4,0,0,0,1
338,1.0,46.0,183.0,22.8,99,4,0,1,0,0
339,1.0,65.0,204.0,25.3,143,4,0,0,1,0
340,1.0,62.0,150.0,27.2,234,4,2,0,1,0
341,0.0,60.0,154.0,24.8,303,4,0,0,1,0
342,0.0,44.0,138.0,21.4,136,4,1,1,0,0
343,0.0,79.0,163.0,23.0,261,4,0,0,1,0
344,1.0,69.0,151.0,25.9,244,4,0,1,1,0
345,1.0,32.0,201.0,29.1,128,4,0,1,0,1
346,0.0,56.0,174.0,21.9,195,4,2,0,0,0
347,1.0,79.0,190.0,24.4,272,4,1,0,1,0
348,1.0,38.0,188.0,23.3,108,4,0,0,1,0
349,0.0,38.0,208.0,22.6,119,5,1,1,1,1
350,0.0,58.0,191.0,26.9,352,4,0,0,1,1
351,0.0,66.0,197.0,26.1,335,5,0,0,0,0
352,0.0,50.0,194.0,24.0,89,4,0,1,1,1
353,1.0,41.0,150.0,25.4,129,2,1,1,1,0
354,0.0,67.0,218.0,28.5,382,6,1,1,1,1
355,1.0,44.0,204.0,24.5,129,4,1,0,1,0
356,0.0,49.0,188.0,22.1,149,5,0,1,1,0
357,0.0,67.0,154.0,22.5,169,4,0,1,1,0
358,0.0,76.0,175.0,27.4,230,4,1,2,1,0
359,0.0,36.0,151.0,25.5,169,4,1,0,1,0
360,0.0,48.0,156.0,24.7,191,4,1,1,0,0
361,1.0,60.0,202.0,23.8,157,4,1,1,1,0
362,,43.0,191.0,22.1,115,4,1,0,1,0
363,1.0,70.0,180.0,24.5,164,4,0,0,0,0
364,0.0,45.0,157.0,25.7,188,2,1,0,0,0
365,1.0,39.0,238.0,21.0,81,4,1,1,1,1
366,0.0,37.0,154.0,23.5,92,2,0,1,1,0
367,1.0,59.0,170.0,24.1,167,4,0,2,1,0
368,0.0,56.0,177.0,21.5,203,2,1,1,0,0
369,0.0,76.0,168.0,26.9,319,2,1,0,1,1
370,0.0,62.0,193.0,22.8,165,5,1,0,1,0
371,1.0,58.0,194.0,24.6,191,2,0,1,1,0
372,0.0,42.0,165.0,27.4,118,1,0,1,0,0
373,1.0,46.0,187.0,21.0,76,4,0,0,0,0
374,1.0,52.0,214.0,25.0,156,4,1,1,1,1
375,0.0,40.0,152.0,19.5,110,4,1,1,1,0
376,1.0,59.0,179.0,25.6,170,4,0,0,1,0
377,1.0,42.0,174.0,,145,2,0,0,1,1
378,0.0,72.0,186.0,33.9,348,5,1,0,1,0
379,1.0,58.0,200.0,24.4,203,5,1,2,1,1
380,,52.0,220.0,23.4,145,4,0,1,1,1
381,1.0,65.0,186.0,29.2,249,4,1,2,1,1
382,1.0,,223.0,23.5,105,4,1,0,1,0
383,1.0,77.0,199.0,31.6,271,5,0,0,0,0
384,0.0,75.0,189.0,23.2,189,4,0,0,1,0
385,0.0,42.0,196.0,27.8,132,5,0,1,0,0
386,1.0,65.0,213.0,31.2,264,4,1,1,1,1
387,0.0,58.0,157.0,23.1,136,5,0,0,1,0
388,0.0,58.0,223.0,30.8,201,4,1,1,1,1
389,0.0,33.0,180.0,19.7,97,4,0,0,1,0
390,1.0,33.0,156.0,23.4,68,2,0,0,1,0
391,0.0,64.0,204.0,28.9,237,4,1,2,0,1
392,1.0,79.0,178.0,27.9,277,2,0,0,1,1
393,1.0,62.0,196.0,29.0,287,4,1,0,1,0
394,1.0,46.0,179.0,,77,4,1,0,1,0
395,1.0,79.0,161.0,27.2,257,4,1,0,1,0
396,0.0,71.0,169.0,25.8,322,4,0,0,1,0
397,0.0,57.0,173.0,23.5,205,4,0,0,0,0
398,1.0,33.0,180.0,20.6,56,4,0,1,1,0
399,1.0,78.0,212.0,24.0,273,4,1,0,1,0
400,0.0,43.0,220.0,21.4,91,5,0,1,1,1
